adm3_pcode,adm3_name,adm2_name,adm1_name,total_population,populated_hex_count,total_area_km2,populated_area_km2,arithmetic_density,physiographic_density
MMR001001,Myitkyina,Myitkyina,Kachin,384290.0,994,6226.8403,790.5915,61.7151,486.0791
MMR001002,Waingmaw,Myitkyina,Kachin,137784.0,1590,5009.448,1263.3423,27.5048,109.0631
MMR001003,Injangyang,Myitkyina,Kachin,2205.0,232,4715.5882,182.4389,0.4676,12.0862
MMR001004,Tanai,Myitkyina,Kachin,76485.0,508,12346.5147,398.0016,6.1949,192.1726
MMR001005,Chipwi,Myitkyina,Kachin,25432.0,299,3402.9849,234.9602,7.4734,108.2396
MMR001006,Tsawlaw,Myitkyina,Kachin,6226.0,86,3315.7857,67.0455,1.8777,92.8624
MMR001007,Mohnyin,Mohnyin,Kachin,253695.0,802,6335.2773,640.8686,40.0448,395.8612
MMR001008,Mogaung,Mohnyin,Kachin,164366.0,557,3316.6874,443.0311,49.5573,371.0033
MMR001009,Hpakant,Mohnyin,Kachin,404896.0,554,5761.3157,439.4035,70.2784,921.4674
MMR001010,Bhamo,Bhamo,Kachin,166533.0,434,2156.6188,350.394,77.2195,475.2736
MMR001011,Shwegu,Bhamo,Kachin,111871.0,550,3088.8227,444.1268,36.218,251.8898
MMR001012,Momauk,Bhamo,Kachin,66564.0,534,2681.9025,429.765,24.8197,154.8847
MMR001013,Mansi,Bhamo,Kachin,53057.0,695,2898.5899,562.6065,18.3044,94.3057
MMR001014,Puta-O,Puta-O,Kachin,75023.0,596,6141.275,459.4869,12.2162,163.2756
MMR001015,Sumprabum,Puta-O,Kachin,3267.0,86,4948.5846,67.2601,0.6602,48.5726
MMR001016,Machanbaw,Puta-O,Kachin,6183.0,109,3204.4855,83.9516,1.9295,73.6496
MMR001017,Nawngmun,Puta-O,Kachin,8649.0,173,8103.5564,132.4534,1.0673,65.2984
MMR001018,Khaunglanhpu,Puta-O,Kachin,14349.0,143,5323.0473,110.1519,2.6956,130.2656
MMR002001,Loikaw,Loikaw,Kayah,140704.0,349,1539.8635,295.9996,91.3743,475.352
MMR002002,Demoso,Loikaw,Kayah,84709.0,429,1209.51,364.5074,70.0358,232.3931
MMR002003,Hpruso,Loikaw,Kayah,29795.0,203,1651.2821,172.7918,18.0436,172.433
MMR002004,Shadaw,Loikaw,Kayah,7405.0,56,2176.5407,47.5214,3.4022,155.8246
MMR002005,Bawlake,Bawlake,Kayah,11819.0,109,1948.3909,92.894,6.066,127.2311
MMR002006,Hpasawng,Bawlake,Kayah,27865.0,114,1427.8949,97.4082,19.5147,286.0641
MMR002007,Mese,Bawlake,Kayah,7490.0,71,1809.6178,60.7079,4.139,123.3776
MMR003001,Hpa-An,Hpa-An,Kayin,448452.0,1607,2900.8819,1391.7556,154.5916,322.2204
MMR003002,Hlaingbwe,Hpa-An,Kayin,254510.0,1522,4324.9775,1315.2367,58.8465,193.5089
MMR003003,Hpapun,Hpapun,Kayin,33639.0,721,6730.3931,620.3454,4.9981,54.2262
MMR003004,Thandaunggyi,Hpa-An,Kayin,92749.0,539,3635.2807,459.9497,25.5136,201.6503
MMR003005,Myawaddy,Myawaddy,Kayin,154872.0,1221,3138.1882,1057.1493,49.3508,146.4996
MMR003006,Kawkareik,Kawkareik,Kayin,206735.0,1336,2415.2351,1158.1152,85.5962,178.5099
MMR003007,Kyainseikgyi,Kawkareik,Kayin,244699.0,2103,7192.6316,1829.678,34.0208,133.7388
MMR004001,Falam,Falam,Chin,51650.0,243,2684.6048,199.8293,19.2393,258.4706
MMR004002,Hakha,Hakha,Chin,54644.0,1011,4307.9969,837.5449,12.6843,65.2431
MMR004003,Thantlang,Hakha,Chin,54587.0,322,3478.2583,266.6374,15.6938,204.7237
MMR004004,Tedim,Falam,Chin,97863.0,1204,2425.1149,986.6646,40.354,99.1857
MMR004005,Tonzang,Falam,Chin,31473.0,139,3495.4728,113.4048,9.0039,277.5279
MMR004006,Mindat,Mindat,Chin,47030.0,212,3280.4453,177.6119,14.3365,264.7908
MMR004007,Matupi,Matupi,Chin,56834.0,335,5946.6149,279.417,9.5574,203.4021
MMR004008,Kanpetlet,Mindat,Chin,26081.0,117,2509.488,98.3115,10.393,265.2894
MMR004009,Paletwa,Matupi,Chin,100422.0,366,8148.5598,306.8778,12.3239,327.2378
MMR005001,Sagaing,Sagaing,Sagaing,309760.0,713,1267.2748,592.2149,244.43,523.0534
MMR005002,Myinmu,Sagaing,Sagaing,105271.0,384,783.8823,319.1812,134.2944,329.8158
MMR005003,Myaung,Sagaing,Sagaing,99724.0,188,414.0584,156.7475,240.8453,636.2078
MMR005004,Shwebo,Shwebo,Sagaing,271084.0,672,1059.3177,554.8415,255.9043,488.5792
MMR005005,Khin-U,Shwebo,Sagaing,148605.0,541,1045.9391,445.7125,142.0781,333.41
MMR005006,Wetlet,Shwebo,Sagaing,196669.0,739,1318.7797,611.651,149.1295,321.5379
MMR005007,Kanbalu,Kanbalu,Sagaing,311796.0,1597,4070.819,1310.0147,76.5929,238.0095
MMR005008,Kyunhla,Kanbalu,Sagaing,98652.0,308,2761.0328,251.7735,35.7301,391.8284
MMR005009,Ye-U,Shwebo,Sagaing,114788.0,470,1401.8982,387.1786,81.8804,296.473
MMR005010,Tabayin,Shwebo,Sagaing,143893.0,595,1382.2557,491.1859,104.1001,292.9502
MMR005011,Taze,Shwebo,Sagaing,163683.0,571,1856.8165,469.2339,88.1525,348.8303
MMR005012,Monywa,Monywa,Sagaing,378847.0,517,673.8534,429.2765,562.2098,882.5244
MMR005013,Budalin,Monywa,Sagaing,128000.0,526,1075.8821,435.3351,118.9721,294.0264
MMR005014,Ayadaw,Monywa,Sagaing,152147.0,883,1245.1215,731.7463,122.1945,207.9231
MMR005015,Chaung-U,Monywa,Sagaing,106806.0,284,495.0538,236.3377,215.7463,451.9212
MMR005016,Yinmarbin,Yinmarbin,Sagaing,129723.0,449,951.6742,372.8954,136.3103,347.8804
MMR005017,Kani,Yinmarbin,Sagaing,140870.0,856,3366.294,708.3622,41.8472,198.8672
MMR005018,Salingyi,Yinmarbin,Sagaing,117561.0,382,695.2543,317.8067,169.0906,369.9136
MMR005019,Pale,Yinmarbin,Sagaing,146171.0,727,1592.8735,605.1501,91.7656,241.545
MMR005020,Katha,Katha,Sagaing,178377.0,586,2255.08,474.4653,79.1001,375.9537
MMR005021,Indaw,Katha,Sagaing,127540.0,299,1892.4354,241.5898,67.3946,527.9196
MMR005022,Tigyaing,Katha,Sagaing,141644.0,414,1833.7641,336.5945,77.2422,420.815
MMR005023,Banmauk,Katha,Sagaing,120701.0,223,3403.795,179.855,35.4607,671.1017
MMR005024,Kawlin,Kawlin,Sagaing,153288.0,417,1891.6614,339.5522,81.0335,451.4416
MMR005025,Wuntho,Kawlin,Sagaing,74863.0,225,1325.0157,182.7196,56.4997,409.7152
MMR005026,Pinlebu,Kawlin,Sagaing,121002.0,409,3288.4296,332.0212,36.7963,364.4406
MMR005027,Kale,Kale,Sagaing,372544.0,691,2336.9544,567.5327,159.4143,656.4274
MMR005028,Kalewa,Kale,Sagaing,61229.0,399,2365.2587,327.0414,25.8868,187.2209
MMR005029,Mingin,Kale,Sagaing,113711.0,653,3965.5423,537.7265,28.6748,211.4662
MMR005030,Tamu,Tamu,Sagaing,106663.0,462,1960.448,374.1647,54.4075,285.0697
MMR005031,Mawlaik,Mawlaik,Sagaing,54224.0,356,3528.4759,290.3777,15.3675,186.7361
MMR005032,Paungbyin,Mawlaik,Sagaing,121623.0,792,4166.5999,641.004,29.19,189.7383
MMR005033,Hkamti,Hkamti,Sagaing,54877.0,528,8189.8825,417.1289,6.7006,131.5589
MMR005034,Homalin,Hkamti,Sagaing,278517.0,1299,10667.5324,1041.6637,26.1088,267.3771
MMR005035,Layshi,Naga Self-Administered Zone,Sagaing,14278.0,154,2792.8381,122.7083,5.1124,116.3573
MMR005036,Lahe,Naga Self-Administered Zone,Sagaing,50599.0,531,3950.8876,416.9976,12.807,121.3412
MMR005037,Nanyun,Naga Self-Administered Zone,Sagaing,57405.0,422,6613.1252,327.8717,8.6805,175.0837
MMR006001,Dawei,Dawei,Tanintharyi,139800.0,774,6823.5321,678.4431,20.4879,206.06
MMR006002,Launglon,Dawei,Tanintharyi,105607.0,425,788.892,372.9788,133.8675,283.1448
MMR006003,Thayetchaung,Dawei,Tanintharyi,81407.0,578,2100.4906,507.4462,38.7562,160.4249
MMR006004,Yebyu,Dawei,Tanintharyi,126837.0,1346,4061.4335,1178.6669,31.2296,107.6106
MMR006005,Myeik,Myeik,Tanintharyi,217925.0,678,1231.9178,596.7656,176.899,365.1769
MMR006006,Kyunsu,Myeik,Tanintharyi,88355.0,434,3957.1156,382.4595,22.3281,231.0179
MMR006007,Palaw,Myeik,Tanintharyi,122491.0,753,2412.7751,661.9461,50.7677,185.0468
MMR006008,Tanintharyi,Myeik,Tanintharyi,117850.0,1253,11351.6144,1102.7079,10.3818,106.8733
MMR006009,Kawthoung,Kawthoung,Tanintharyi,42476.0,697,2547.1071,615.3828,16.6762,69.0237
MMR006010,Bokpyin,Kawthoung,Tanintharyi,62108.0,822,5827.3508,724.7512,10.658,85.6956
MMR007001,Bago,Bago,Bago (East),528973.0,1370,2913.2662,1185.0351,181.5739,446.3775
MMR007002,Thanatpin,Bago,Bago (East),146489.0,690,850.1198,597.1329,172.3157,245.3206
MMR007003,Kawa,Bago,Bago (East),175253.0,689,959.2634,597.1205,182.6954,293.4969
MMR007004,Waw,Bago,Bago (East),177584.0,693,948.1997,598.7384,187.2854,296.597
MMR007005,Nyaunglebin,Bago,Bago (East),195569.0,591,731.7673,509.0419,267.2557,384.1904
MMR007006,Kyauktaga,Bago,Bago (East),262566.0,959,2846.1242,825.0025,92.2539,318.2609
MMR007007,Daik-U,Bago,Bago (East),213382.0,854,1284.4756,736.6364,166.1238,289.6707
MMR007008,Shwegyin,Bago,Bago (East),103904.0,297,2440.8334,255.7373,42.5691,406.2919
MMR007009,Taungoo,Taungoo,Bago (East),258551.0,734,1727.1624,627.3049,149.697,412.1616
MMR007010,Yedashe,Taungoo,Bago (East),223916.0,1355,2618.6523,1155.5498,85.5081,193.7744
MMR007011,Kyaukkyi,Taungoo,Bago (East),83434.0,507,2022.952,435.1822,41.2437,191.722
MMR007012,Phyu,Taungoo,Bago (East),265164.0,739,2316.8604,634.2923,114.4497,418.047
MMR007013,Oktwin,Taungoo,Bago (East),154823.0,559,1436.1477,478.6315,107.8044,323.4702
MMR007014,Htantabin,Taungoo,Bago (East),104471.0,380,543.7451,325.4151,192.1323,321.0392
MMR008001,Pyay,Pyay,Bago (West),226529.0,562,786.581,481.4972,287.992,470.468
MMR008002,Paukkhaung,Pyay,Bago (West),129579.0,970,1918.4532,830.4134,67.5435,156.0416
MMR008003,Padaung,Pyay,Bago (West),146272.0,759,2515.4567,651.6925,58.1493,224.4494
MMR008004,Paungde,Pyay,Bago (West),133491.0,531,935.9497,455.8151,142.6262,292.8621
MMR008005,Thegon,Pyay,Bago (West),132129.0,506,779.3116,434.4221,169.5458,304.1489
MMR008006,Shwedaung,Pyay,Bago (West),124283.0,554,699.0213,475.9609,177.7957,261.1202
MMR008007,Thayarwady,Thayarwady,Bago (West),159856.0,596,1040.2718,515.1749,153.6675,310.2946
MMR008008,Letpadan,Thayarwady,Bago (West),185550.0,623,1472.7541,538.0631,125.9884,344.8481
MMR008009,Minhla,Thayarwady,Bago (West),125185.0,484,678.5343,417.4524,184.4933,299.8785
MMR008010,Okpho,Thayarwady,Bago (West),122480.0,572,1051.3787,492.6657,116.4947,248.6067
MMR008011,Zigon,Thayarwady,Bago (West),65980.0,204,256.4139,175.462,257.3183,376.0357
MMR008012,Nattalin,Thayarwady,Bago (West),177486.0,650,1356.4866,558.6738,130.8424,317.6916
MMR008013,Monyo,Thayarwady,Bago (West),120377.0,556,657.0732,479.2165,183.2018,251.1954
MMR008014,Gyobingauk,Thayarwady,Bago (West),120535.0,345,769.7303,296.9705,156.5938,405.882
MMR009001,Magway,Magway,Magway,283495.0,859,1769.9541,728.3671,160.1708,389.22
MMR009002,Yenangyaung,Magway,Magway,126610.0,515,1027.6091,435.2835,123.2083,290.8679
MMR009003,Chauk,Magway,Magway,178567.0,682,1003.0319,574.9557,178.0272,310.5753
MMR009004,Taungdwingyi,Magway,Magway,255662.0,989,1973.385,839.8524,129.5551,304.413
MMR009005,Myothit,Magway,Magway,142114.0,696,1596.3724,589.478,89.0231,241.0845
MMR009006,Natmauk,Magway,Magway,203672.0,1233,2314.2752,1041.2006,88.0068,195.6127
MMR009007,Minbu,Minbu,Magway,184178.0,705,1667.8049,598.0463,110.4314,307.9661
MMR009008,Pwintbyu,Minbu,Magway,160236.0,525,1205.1375,444.3482,132.9608,360.6091
MMR009009,Ngape,Minbu,Magway,52790.0,345,1322.7771,293.1288,39.9085,180.0915
MMR009010,Salin,Minbu,Magway,231829.0,977,2322.7436,824.5286,99.8083,281.1655
MMR009011,Sidoktaya,Minbu,Magway,47558.0,456,2830.4545,385.3993,16.8022,123.3993
MMR009012,Thayet,Thayet,Magway,99199.0,660,1206.1141,563.4133,82.2468,176.0679
MMR009013,Minhla,Thayet,Magway,139217.0,912,2383.1793,776.076,58.4165,179.3858
MMR009014,Mindon,Thayet,Magway,60532.0,809,2558.5412,690.8631,23.6588,87.6179
MMR009015,Kamma,Thayet,Magway,72632.0,478,1148.8094,409.1927,63.2237,177.5007
MMR009016,Aunglan,Thayet,Magway,223555.0,1138,2682.7014,971.9202,83.332,230.0137
MMR009017,Sinbaungwe,Thayet,Magway,116985.0,794,2061.2015,676.0313,56.7557,173.0467
MMR009018,Pakokku,Pakokku,Magway,283688.0,881,1317.4377,738.6984,215.3331,384.0376
MMR009019,Yesagyo,Pakokku,Magway,210147.0,720,992.9602,601.3678,211.6369,349.4484
MMR009020,Myaing,Pakokku,Magway,221438.0,1801,2041.5776,1503.8808,108.4642,147.2444
MMR009021,Pauk,Pakokku,Magway,171439.0,1350,2464.1523,1130.0485,69.5732,151.7094
MMR009022,Seikphyu,Pakokku,Magway,93385.0,584,1527.9108,490.9627,61.1194,190.2079
MMR009023,Gangaw,Gangaw,Magway,135106.0,969,2486.681,804.2451,54.3319,167.9911
MMR009024,Tilin,Gangaw,Magway,49913.0,557,1335.2112,464.8732,37.3821,107.3691
MMR009025,Saw,Gangaw,Magway,72414.0,523,1784.7877,438.9411,40.5729,164.9743
MMR010001,Aungmyaythazan,Mandalay,Mandalay,201107.0,22,26.1341,18.2739,7695.2017,11005.1494
MMR010002,Chanayethazan,Mandalay,Mandalay,16061.0,1,11.7989,0.8309,1361.2322,19329.4995
MMR010003,Mahaaungmyay,Mandalay,Mandalay,116606.0,7,14.7541,5.8172,7903.2849,20044.8976
MMR010004,Chanmyathazi,Mandalay,Mandalay,165076.0,16,26.0262,13.2994,6342.6856,12412.278
MMR010005,Pyigyitagon,Mandalay,Mandalay,255244.0,25,32.6772,20.7888,7811.073,12277.9533
MMR010006,Amarapura,Mandalay,Mandalay,186338.0,183,209.0232,152.2525,891.4706,1223.8749
MMR010007,Patheingyi,Mandalay,Mandalay,159384.0,415,592.5963,344.6485,268.9588,462.4538
MMR010008,Pyinoolwin,Pyinoolwin,Mandalay,251723.0,830,1992.1435,689.2844,126.3579,365.1947
MMR010009,Madaya,Pyinoolwin,Mandalay,253122.0,720,1099.2656,596.5152,230.2646,424.3345
MMR010010,Singu,Pyinoolwin,Mandalay,156367.0,412,1509.1894,340.2062,103.6099,459.6243
MMR010011,Mogoke,Pyinoolwin,Mandalay,173869.0,381,1178.5061,312.9491,147.5334,555.5823
MMR010012,Thabeikkyin,Pyinoolwin,Mandalay,151727.0,571,2581.442,468.2981,58.7761,323.9966
MMR010013,Kyaukse,Kyaukse,Mandalay,242742.0,654,1874.4482,545.7072,129.5005,444.8209
MMR010014,Sintgaing,Kyaukse,Mandalay,119956.0,380,448.4439,316.5373,267.4939,378.9632
MMR010015,Myittha,Kyaukse,Mandalay,188980.0,656,891.5063,548.5393,211.9783,344.515
MMR010016,Tada-U,Kyaukse,Mandalay,126131.0,666,938.1044,555.2682,134.453,227.1533
MMR010017,Myingyan,Myingyan,Mandalay,275138.0,554,988.4381,462.8888,278.3563,594.3933
MMR010018,Taungtha,Myingyan,Mandalay,212602.0,841,1352.3909,705.0474,157.2045,301.5428
MMR010019,Natogyi,Myingyan,Mandalay,169402.0,882,1256.3138,737.5133,134.8405,229.6935
MMR010020,Kyaukpadaung,Nyaung-U,Mandalay,255386.0,1062,1959.975,893.9804,130.3006,285.6729
MMR010021,Ngazun,Myingyan,Mandalay,121773.0,558,962.2751,464.8626,126.547,261.9548
MMR010022,Nyaung-U,Nyaung-U,Mandalay,240683.0,826,1463.8702,693.8072,164.4155,346.9019
MMR010023,Yamethin,Yamethin,Mandalay,258194.0,973,2151.645,821.6992,119.9984,314.2196
MMR010024,Pyawbwe,Yamethin,Mandalay,260329.0,855,1648.5099,720.7222,157.9178,361.2057
MMR010028,Meiktila,Meiktila,Mandalay,294157.0,830,1229.2382,698.2365,239.3002,421.2856
MMR010029,Mahlaing,Meiktila,Mandalay,140967.0,748,1122.9735,627.6893,125.5301,224.5808
MMR010030,Thazi,Meiktila,Mandalay,196193.0,652,2041.506,548.1792,96.1021,357.8994
MMR010031,Wundwin,Meiktila,Mandalay,228453.0,730,1395.4013,611.9088,163.7185,373.3448
MMR011001,Mawlamyine,Mawlamyine,Mon,219507.0,100,155.6075,86.8198,1410.6457,2528.3062
MMR011002,Kyaikmaraw,Mawlamyine,Mon,139823.0,778,1309.2015,675.6654,106.8002,206.9412
MMR011003,Chaungzon,Mawlamyine,Mon,114969.0,309,444.5354,268.4754,258.6273,428.2291
MMR011004,Thanbyuzayat,Mawlamyine,Mon,143343.0,502,771.1581,437.2156,185.8802,327.8543
MMR011005,Mudon,Mawlamyine,Mon,184639.0,602,736.1653,523.4778,250.8119,352.716
MMR011006,Ye,Mawlamyine,Mon,248865.0,1132,2727.2485,988.2615,91.2513,251.821
MMR011007,Thaton,Thaton,Mon,232072.0,653,1311.6002,565.4868,176.9381,410.3933
MMR011008,Paung,Thaton,Mon,177404.0,611,966.2761,530.0627,183.5956,334.6849
MMR011009,Kyaikto,Thaton,Mon,174866.0,475,972.3194,410.4861,179.8442,425.9973
MMR011010,Bilin,Thaton,Mon,176043.0,699,2049.1129,604.3188,85.9118,291.3082
MMR012001,Sittwe,Sittwe,Rakhine,107273.0,173,220.5918,146.8461,486.2963,730.5133
MMR012002,Ponnagyun,Sittwe,Rakhine,96784.0,330,1137.2467,279.4551,85.1038,346.3311
MMR012003,Mrauk-U,Mrauk-U,Rakhine,173291.0,456,1248.5241,385.5973,138.7967,449.4093
MMR012004,Kyauktaw,Mrauk-U,Rakhine,160833.0,561,1718.9056,473.2921,93.5671,339.8176
MMR012005,Minbya,Mrauk-U,Rakhine,66485.0,355,3456.0637,300.8614,19.2372,220.9821
MMR012006,Myebon,Mrauk-U,Rakhine,59494.0,208,1983.9827,176.8398,29.9872,336.4287
MMR012007,Pauktaw,Sittwe,Rakhine,66996.0,267,930.8309,226.7794,71.9744,295.4237
MMR012008,Rathedaung,Sittwe,Rakhine,79405.0,460,861.961,389.3877,92.1213,203.9227
MMR012009,Maungdaw,Maungdaw,Rakhine,43614.0,634,1481.8237,534.2396,29.4327,81.6375
MMR012010,Buthidaung,Maungdaw,Rakhine,57648.0,688,2253.2826,579.9154,25.584,99.4076
MMR012011,Kyaukpyu,Kyaukpyu,Rakhine,93136.0,539,1153.0221,460.8402,80.7756,202.1004
MMR012012,Munaung,Kyaukpyu,Rakhine,39550.0,253,477.9702,217.2988,82.7457,182.0074
MMR012013,Ramree,Kyaukpyu,Rakhine,77626.0,589,1179.3516,504.7153,65.8209,153.8016
MMR012014,Ann,Kyaukpyu,Rakhine,109668.0,744,6310.3907,634.1394,17.379,172.9399
MMR012015,Thandwe,Thandwe,Rakhine,70228.0,445,3506.0856,383.0938,20.0303,183.318
MMR012016,Toungup,Thandwe,Rakhine,147162.0,639,4817.9905,547.8525,30.5443,268.6161
MMR012017,Gwa,Thandwe,Rakhine,29345.0,391,2267.0867,338.3449,12.9439,86.731
MMR013001,Insein,Yangon (North),Yangon,238118.0,19,30.4985,16.4981,7807.5187,14433.0554
MMR013002,Mingaladon,Yangon (North),Yangon,342677.0,103,131.4712,89.378,2606.48,3834.0174
MMR013003,Hmawbi,Yangon (North),Yangon,282978.0,409,472.5551,354.6465,598.8255,797.9156
MMR013004,Hlegu,Yangon (North),Yangon,314970.0,881,1510.5833,763.4594,208.5089,412.5563
MMR013005,Taikkyi,Yangon (North),Yangon,334116.0,838,1765.8663,725.5231,189.208,460.5174
MMR013006,Htantabin,Yangon (North),Yangon,148009.0,433,612.3503,375.76,241.7064,393.8923
MMR013007,Shwepyithar,Yangon (North),Yangon,345588.0,43,54.6981,37.3208,6318.1023,9259.9182
MMR013009,Thingangyun,Yangon (East),Yangon,116115.0,6,13.1876,5.2115,8804.8831,22280.6163
MMR013010,Yankin,Yangon (East),Yangon,0.0,0,4.9332,0.0,0.0,0.0
MMR013011,South Okkalapa,Yangon (East),Yangon,40507.0,2,8.1108,1.737,4994.2302,23320.0852
MMR013012,North Okkalapa,Yangon (East),Yangon,143633.0,12,27.4333,10.4164,5235.7134,13789.0963
MMR013013,Thaketa,Yangon (East),Yangon,142357.0,7,13.1506,6.081,10825.1046,23409.9766
MMR013014,Dawbon,Yangon (East),Yangon,0.0,0,3.2624,0.0,0.0,0.0
MMR013015,Tamwe,Yangon (East),Yangon,31762.0,1,4.7706,0.8687,6657.8624,36563.0359
MMR013016,Pazundaung,Yangon (East),Yangon,0.0,0,1.1094,0.0,0.0,0.0
MMR013017,Botahtaung,Yangon (East),Yangon,0.0,0,3.0687,0.0,0.0,0.0
MMR013018,Dagon Myothit (South),Yangon (East),Yangon,294987.0,61,88.8042,52.9468,3321.7699,5571.3886
MMR013019,Dagon Myothit (North),Yangon (East),Yangon,99264.0,11,23.9398,9.5514,4146.4037,10392.5816
MMR013020,Dagon Myothit (East),Yangon (East),Yangon,90908.0,58,83.6676,50.3368,1086.5371,1805.9939
MMR013021,Dagon Myothit (Seikkan),Yangon (East),Yangon,138233.0,56,79.3438,48.6161,1742.2024,2843.3565
MMR013022,Mingalartaungnyunt,Yangon (East),Yangon,0.0,0,5.0805,0.0,0.0,0.0
MMR013023,Thanlyin,Yangon (South),Yangon,283275.0,330,360.8103,286.6368,785.1079,988.2714
MMR013024,Kyauktan,Yangon (South),Yangon,128722.0,625,822.0948,543.3848,156.578,236.8892
MMR013025,Thongwa,Yangon (South),Yangon,179836.0,534,780.9298,463.7044,230.2845,387.8246
MMR013026,Kayan,Yangon (South),Yangon,185626.0,432,616.0368,374.8055,301.3229,495.2595
MMR013027,Twantay,Yangon (South),Yangon,245789.0,556,715.5039,483.3967,343.5187,508.4623
MMR013028,Kawhmu,Yangon (South),Yangon,109182.0,371,617.7726,322.8807,176.7349,338.1497
MMR013029,Kungyangon,Yangon (South),Yangon,127350.0,364,611.5242,316.9747,208.2501,401.7671
MMR013030,Dala,Yangon (South),Yangon,151529.0,175,229.5354,152.1495,660.1553,995.9216
MMR013031,Seikgyikanaungto,Yangon (South),Yangon,24141.0,5,12.3079,4.3454,1961.4159,5555.5841
MMR013032,Cocokyun,Yangon (South),Yangon,14.0,2,28.2965,1.7641,0.4948,7.9362
MMR013033,Kyauktada,Yangon (West),Yangon,0.0,0,0.7245,0.0,0.0,0.0
MMR013034,Pabedan,Yangon (West),Yangon,0.0,0,0.5915,0.0,0.0,0.0
MMR013035,Lanmadaw,Yangon (West),Yangon,0.0,0,1.8925,0.0,0.0,0.0
MMR013036,Latha,Yangon (West),Yangon,0.0,0,0.6155,0.0,0.0,0.0
MMR013037,Ahlone,Yangon (West),Yangon,0.0,0,3.5498,0.0,0.0,0.0
MMR013038,Kyeemyindaing,Yangon (West),Yangon,1678.0,2,11.1803,1.7375,150.0848,965.7312
MMR013039,Sanchaung,Yangon (West),Yangon,0.0,0,2.3308,0.0,0.0,0.0
MMR013040,Hlaing,Yangon (West),Yangon,58991.0,3,9.9721,2.6058,5915.5964,22638.4697
MMR013041,Kamaryut,Yangon (West),Yangon,29984.0,2,6.4651,1.7374,4637.824,17258.052
MMR013042,Mayangone,Yangon (West),Yangon,71857.0,11,24.539,9.5529,2928.2774,7522.0149
MMR013043,Dagon,Yangon (West),Yangon,4901.0,1,4.8772,0.8689,1004.8713,5640.7674
MMR013044,Bahan,Yangon (West),Yangon,63292.0,5,8.439,4.3436,7499.9806,14571.2901
MMR013046,Hlaingtharya (East),Yangon (North),Yangon,290587.0,22,36.1751,19.1081,8032.7946,15207.5203
MMR013047,Hlaingtharya (West),Yangon (North),Yangon,156609.0,22,37.2854,19.1067,4200.2823,8196.5392
MMR014001,Taunggyi,Taunggyi,Shan (South),517064.0,1223,2006.9945,1028.0685,257.631,502.947
MMR014002,Nyaungshwe,Taunggyi,Shan (South),217217.0,623,1477.4183,525.2149,147.0247,413.5774
MMR014003,Hopong,Pa-O Self-Administered Zone,Shan (South),133564.0,706,2921.9638,592.1693,45.7104,225.5503
MMR014004,Hsihseng,Pa-O Self-Administered Zone,Shan (South),175039.0,717,2064.6461,605.0601,84.7792,289.2919
MMR014005,Kalaw,Taunggyi,Shan (South),221159.0,773,1456.6235,650.4501,151.8299,340.0092
MMR014006,Pindaya,Danu Self-Administered Zone,Shan (South),88867.0,336,629.0318,281.9602,141.2758,315.1757
MMR014007,Ywangan,Danu Self-Administered Zone,Shan (South),86651.0,551,2984.3712,461.5465,29.0349,187.7405
MMR014008,Lawksawk,Taunggyi,Shan (South),195108.0,1039,5145.679,866.8587,37.9169,225.0748
MMR014009,Pinlaung,Pa-O Self-Administered Zone,Shan (South),221754.0,1030,3396.9664,870.8887,65.28,254.6296
MMR014010,Pekon,Taunggyi,Shan (South),119498.0,450,2073.5123,381.9154,57.6307,312.8913
MMR014011,Loilen,Loilen,Shan (South),148821.0,391,1323.1687,327.4955,112.4732,454.4215
MMR014012,Laihka,Loilen,Shan (South),61038.0,623,2796.6195,519.8523,21.8256,117.4141
MMR014013,Nansang,Loilen,Shan (South),137989.0,807,3670.2666,676.214,37.5965,204.0611
MMR014014,Kunhing,Loilen,Shan (South),63932.0,425,2752.3376,354.0138,23.2283,180.5919
MMR014015,Kyethi,Loilen,Shan (South),87446.0,896,3443.0355,743.4923,25.3979,117.6152
MMR014016,Mongkaing,Loilen,Shan (South),89870.0,841,3778.9725,698.5727,23.7816,128.648
MMR014017,Monghsu,Loilen,Shan (South),85884.0,777,1937.5428,643.6142,44.3262,133.4402
MMR014018,Langkho,Langkho,Shan (South),47849.0,282,4048.2424,237.9947,11.8197,201.0507
MMR014019,Mongnai,Langkho,Shan (South),46819.0,304,3212.4611,255.273,14.5742,183.4076
MMR014020,Mawkmai,Langkho,Shan (South),40589.0,271,2442.4527,228.5302,16.6181,177.6089
MMR014021,Mongpan,Langkho,Shan (South),31403.0,113,2492.1153,95.0939,12.6009,330.2316
MMR015001,Lashio,Lashio,Shan (North),389411.0,1584,3838.5754,1297.5798,101.4468,300.1056
MMR015002,Hseni,Lashio,Shan (North),66918.0,438,1241.0545,357.1826,53.9203,187.3496
MMR015003,Mongyai,Lashio,Shan (North),68989.0,628,2401.23,517.4519,28.7307,133.3245
MMR015004,Tangyan,Lashio,Shan (North),204203.0,1473,4833.5576,1211.0632,42.2469,168.6147
MMR015005,Pangsang,Matman,Shan (North),141211.0,833,3145.8304,684.7244,44.8883,206.2304
MMR015006,Narphan,Matman,Shan (North),96641.0,270,1677.4065,221.4621,57.6133,436.3771
MMR015007,Pangwaun,Hopang,Shan (North),97975.0,433,1492.4954,353.4339,65.6451,277.2089
MMR015008,Mongmao,Hopang,Shan (North),84599.0,509,1793.2892,415.8848,47.1753,203.4193
MMR015009,Muse,Muse,Shan (North),146560.0,596,1761.8918,482.0884,83.1833,304.0106
MMR015010,Namhkan,Muse,Shan (North),119259.0,469,1358.1651,380.599,87.8089,313.3456
MMR015011,Kutkai,Muse,Shan (North),212776.0,1210,4537.444,982.6567,46.8934,216.5314
MMR015012,Kyaukme,Kyaukme,Shan (North),204254.0,1045,3828.2243,861.2665,53.3548,237.1554
MMR015013,Nawnghkio,Kyaukme,Shan (North),183725.0,1615,3271.5333,1336.1073,56.1587,137.5077
MMR015014,Hsipaw,Kyaukme,Shan (North),209057.0,1627,5250.0122,1342.3914,39.8203,155.7348
MMR015015,Namtu,Kyaukme,Shan (North),59548.0,420,1617.2753,344.0342,36.82,173.0874
MMR015016,Namhsan,Pa Laung Self-Administered Zone,Shan (North),88097.0,545,1595.079,447.1501,55.2305,197.0189
MMR015017,Mongmit,Mongmit,Shan (North),75274.0,450,2703.6148,368.6617,27.842,204.1818
MMR015018,Mabein,Mongmit,Shan (North),48330.0,344,5034.4143,279.5729,9.5999,172.8709
MMR015019,Manton,Pa Laung Self-Administered Zone,Shan (North),46438.0,359,2512.9952,292.9177,18.4791,158.536
MMR015020,Kunlong,Lashio,Shan (North),66247.0,374,1173.3638,304.1492,56.459,217.8109
MMR015021,Hopang,Hopang,Shan (North),68893.0,473,1331.7814,385.0747,51.73,178.9082
MMR015022,Laukkaing,Kokang Self-Administered Zone,Shan (North),92716.0,409,770.1643,331.3842,120.3847,279.784
MMR015023,Konkyan,Kokang Self-Administered Zone,Shan (North),72873.0,595,1073.5825,480.2342,67.8783,151.7447
MMR015024,Matman,Matman,Shan (North),1368.0,239,2971.6677,197.4055,0.4603,6.9299
MMR016001,Kengtung,Kengtung,Shan (East),207112.0,888,4335.3206,738.1869,47.7732,280.5685
MMR016002,Mongkhet,Kengtung,Shan (East),49707.0,244,2290.8306,201.9243,21.6982,246.1666
MMR016003,Mongyang,Kengtung,Shan (East),128979.0,978,2914.5555,807.0642,44.2534,159.8126
MMR016005,Mongla,Kengtung,Shan (East),45880.0,260,1841.4465,215.2064,24.9152,213.1907
MMR016006,Monghsat,Monghsat,Shan (East),124973.0,758,4997.575,635.3942,25.0067,196.6858
MMR016007,Mongping,Kengtung,Shan (East),78126.0,378,6018.0166,314.5541,12.982,248.3706
MMR016008,Mongton,Monghsat,Shan (East),58644.0,497,6522.1647,418.8089,8.9915,140.0257
MMR016009,Tachileik,Tachileik,Shan (East),147826.0,781,3552.702,652.7705,41.6095,226.4594
MMR016010,Monghpyak,Tachileik,Shan (East),35651.0,212,1545.2957,176.7692,23.0707,201.681
MMR016011,Mongyawng,Tachileik,Shan (East),92715.0,787,4381.505,651.4005,21.1605,142.3318
MMR017001,Pathein,Pathein,Ayeyarwady,321895.0,1526,1845.477,1327.9785,174.4237,242.3947
MMR017002,Kangyidaunt,Pathein,Ayeyarwady,150820.0,783,793.6013,681.4357,190.0451,221.3268
MMR017003,Thabaung,Pathein,Ayeyarwady,151698.0,1166,1832.7806,1012.9228,82.7693,149.7626
MMR017004,Ngapudaw,Pathein,Ayeyarwady,214346.0,2230,3212.6453,1947.5328,66.7195,110.0603
MMR017005,Kyonpyaw,Pathein,Ayeyarwady,221506.0,809,825.9926,701.424,268.1695,315.7947
MMR017006,Yegyi,Pathein,Ayeyarwady,185538.0,963,1303.5604,835.0173,142.3317,222.1966
MMR017007,Kyaunggon,Pathein,Ayeyarwady,147569.0,637,683.5949,553.3158,215.872,266.6994
MMR017008,Hinthada,Hinthada,Ayeyarwady,343021.0,985,1012.5366,852.0998,338.7739,402.5597
MMR017009,Zalun,Hinthada,Ayeyarwady,168262.0,550,628.0696,476.1535,267.9034,353.3776
MMR017010,Lemyethna,Hinthada,Ayeyarwady,99086.0,506,1010.9353,437.9971,98.0142,226.2252
MMR017011,Myanaung,Hinthada,Ayeyarwady,203782.0,1013,1540.8812,873.4514,132.2503,233.3066
MMR017012,Kyangin,Hinthada,Ayeyarwady,94841.0,721,1156.0738,620.7977,82.0372,152.7728
MMR017013,Ingapu,Hinthada,Ayeyarwady,208727.0,1130,1681.5535,976.1755,124.1275,213.8212
MMR017014,Myaungmya,Myaungmya,Ayeyarwady,297799.0,1160,1146.9581,1011.3355,259.6424,294.4611
MMR017015,Einme,Myaungmya,Ayeyarwady,177284.0,758,747.446,659.6481,237.1864,268.7554
MMR017016,Labutta,Labutta,Ayeyarwady,199124.0,2204,2511.7105,1926.4508,79.2782,103.3631
MMR017017,Wakema,Myaungmya,Ayeyarwady,276171.0,1182,1179.4397,1029.6026,234.1544,268.2307
MMR017018,Mawlamyinegyun,Labutta,Ayeyarwady,307320.0,1231,1231.2368,1073.797,249.6027,286.1994
MMR017019,Maubin,Maubin,Ayeyarwady,305328.0,1350,1320.6451,1174.2603,231.1961,260.0173
MMR017020,Pantanaw,Maubin,Ayeyarwady,262009.0,1325,1336.8304,1151.2516,195.9927,227.5862
MMR017021,Nyaungdon,Maubin,Ayeyarwady,210924.0,856,895.4424,743.1832,235.5528,283.8116
MMR017022,Danubyu,Maubin,Ayeyarwady,170880.0,665,752.0059,576.5733,227.2323,296.3717
MMR017023,Pyapon,Pyapon,Ayeyarwady,262545.0,1380,1430.7323,1205.4603,183.5039,217.7965
MMR017024,Bogale,Pyapon,Ayeyarwady,200017.0,1707,2036.0847,1490.7581,98.2361,134.1713
MMR017025,Kyaiklat,Pyapon,Ayeyarwady,142761.0,692,706.5051,602.7141,202.0665,236.8635
MMR017026,Dedaye,Pyapon,Ayeyarwady,140172.0,879,916.0797,766.2717,153.0129,182.9273
MMR018001,Zay Yar Thi Ri,Oke Ta Ra,Nay Pyi Taw,46441.0,266,537.6166,225.701,86.3831,205.7634
MMR018002,Za Bu Thi Ri,Det Khi Na,Nay Pyi Taw,146738.0,66,80.6636,56.0744,1819.1356,2616.8436
MMR018003,Tatkon,Oke Ta Ra,Nay Pyi Taw,98031.0,845,1930.4963,715.2109,50.7802,137.0659
MMR018004,Det Khi Na Thi Ri,Det Khi Na,Nay Pyi Taw,64974.0,132,143.3115,112.2049,453.3761,579.0655
MMR018005,Poke Ba Thi Ri,Oke Ta Ra,Nay Pyi Taw,60342.0,208,255.691,176.4755,235.9958,341.9284
MMR018006,Pyinmana,Det Khi Na,Nay Pyi Taw,209608.0,322,1105.6542,273.5717,189.5783,766.1903
MMR018007,Lewe,Det Khi Na,Nay Pyi Taw,118579.0,1120,2162.43,952.8814,54.836,124.4426
MMR018008,Oke Ta Ra Thi Ri,Oke Ta Ra,Nay Pyi Taw,29282.0,417,852.9145,353.841,34.3317,82.7547
